rk,school,div,str,park,ofs,dfs,sos
1,Florida,D1,7.887,0.956,2.198,0.279,1.478
2,Oregon,D1,6.036,0.973,2.579,0.427,1.397
2,Oklahoma,D1,6.036,1.061,2.297,0.381,1.410
4,Michigan,D1,6.029,0.993,2.465,0.409,1.352
5,Auburn,D1,5.857,1.018,2.618,0.447,1.434
6,Alabama,D1,5.159,1.000,2.218,0.430,1.468
7,Florida St.,D1,5.029,0.984,2.250,0.447,1.384
8,Washington,D1,4.934,0.971,2.719,0.551,1.515
9,UL Lafayette,D1,4.706,0.998,2.246,0.477,1.241
10,Georgia,D1,4.566,1.012,2.116,0.463,1.417
11,Missouri,D1,4.449,0.968,2.391,0.537,1.447
12,LSU,D1,4.336,0.907,2.060,0.475,1.478
13,Tennessee,D1,4.321,0.993,2.231,0.516,1.406
14,Texas A&M,D1,3.938,0.947,2.530,0.642,1.474
15,UCLA,D1,3.861,0.992,2.289,0.593,1.531
16,Minnesota,D1,3.754,1.021,2.017,0.537,1.294
17,James Madison,D1,3.752,1.054,1.485,0.396,1.149
18,Kentucky,D1,3.648,1.051,1.531,0.420,1.351
19,Arizona,D1,3.420,1.188,1.672,0.489,1.457
20,Utah,D1,3.391,1.205,1.596,0.471,1.438
21,Baylor,D1,3.345,0.859,1.798,0.537,1.318
22,Fla. Atlantic,D1,3.151,0.925,1.477,0.469,1.089
23,Notre Dame,D1,3.042,1.047,1.983,0.652,1.185
24,Cal St. Fullerton,D1,2.883,0.982,1.619,0.562,1.223
25,North Ala.,D2,2.761,0.980,2.135,0.432,1.005
26,McNeese St.,D1,2.753,0.923,1.747,0.634,1.099
27,Arizona St.,D1,2.730,1.152,1.559,0.571,1.417
28,South Fla.,D1,2.728,0.970,1.611,0.591,1.242
29,Texas,D1,2.711,0.933,1.642,0.606,1.273
30,Oregon St.,D1,2.634,0.953,1.642,0.623,1.401
31,South Carolina,D1,2.583,0.924,1.496,0.579,1.380
32,North Georgia,D2,2.579,0.933,1.787,0.387,0.971
33,Ole Miss,D1,2.548,0.974,1.508,0.592,1.351
34,UCF,D1,2.528,0.947,1.300,0.514,1.325
35,Kansas,D1,2.526,0.997,1.485,0.588,1.214
36,Louisville,D1,2.482,0.954,1.556,0.627,1.168
37,Fresno St.,D1,2.437,0.876,1.871,0.768,1.241
38,Tulsa,D1,2.436,1.098,1.323,0.543,1.213
39,Saint Leo,D2,2.412,1.003,1.516,0.352,0.938
40,California,D1,2.396,0.992,1.519,0.634,1.396
41,Humboldt St.,D2,2.340,1.145,1.700,0.406,0.967
42,Mississippi St.,D1,2.303,0.943,1.350,0.586,1.416
43,South Ala.,D1,2.299,1.021,1.318,0.573,1.149
44,Illinois,D1,2.239,1.095,1.458,0.651,1.211
44,Texas-Tyler,D3,2.239,0.987,2.285,0.245,0.801
46,Oklahoma St.,D1,2.194,1.036,1.751,0.798,1.359
46,North Dakota St.,D1,2.194,1.035,1.532,0.698,1.066
48,Nebraska,D1,2.191,1.009,1.631,0.744,1.322
49,Long Beach St.,D1,2.173,0.812,1.487,0.685,1.269
50,West Tex. A&M,D2,2.156,1.152,1.938,0.503,0.904
51,Northwestern,D1,2.133,1.096,1.580,0.741,1.365
52,Valdosta St.,D2,2.088,0.997,1.856,0.497,0.982
53,Southern Ark.,D2,2.065,0.943,1.677,0.454,0.938
54,Texas St.,D1,2.064,1.016,1.079,0.523,1.136
55,North Carolina,D1,2.060,1.066,1.708,0.829,1.320
56,Boston College,D1,2.042,1.029,1.299,0.636,1.219
57,New Mexico St.,D1,1.958,1.255,1.312,0.670,1.112
58,Wichita St.,D1,1.928,1.083,1.595,0.828,1.177
59,Grand Canyon,D1,1.920,1.065,1.478,0.770,1.087
60,BYU,D1,1.884,1.115,1.267,0.673,1.165
61,Armstrong St.,D2,1.870,0.967,1.641,0.491,0.999
62,Ohio St.,D1,1.866,1.042,1.483,0.795,1.209
63,Pittsburgh,D1,1.834,1.064,1.479,0.807,1.106
63,Virginia Tech,D1,1.834,1.114,1.209,0.659,1.285
65,UIndy,D2,1.820,0.983,1.580,0.486,0.830
66,San Jose St.,D1,1.819,0.892,1.787,0.983,1.199
67,Mo.-St. Louis,D2,1.807,0.977,1.322,0.409,0.836
68,Wisconsin,D1,1.806,1.030,1.376,0.762,1.183
68,Arkansas Tech,D2,1.806,0.905,1.509,0.467,0.935
70,UNI,D1,1.722,1.101,1.221,0.709,1.054
71,West Va. Wesleyan,D2,1.682,1.010,1.378,0.458,0.810
72,USC Upstate,D1,1.670,0.974,1.226,0.734,0.970
73,Longwood,D1,1.638,1.016,1.160,0.708,1.028
74,Cal Poly,D1,1.616,0.874,1.036,0.641,1.172
75,CSUN,D1,1.614,0.925,1.287,0.797,1.201
76,Samford,D1,1.613,1.058,1.284,0.796,1.036
77,Louisiana Tech,D1,1.612,0.889,1.455,0.902,1.037
78,Ala.-Huntsville,D2,1.611,1.016,1.689,0.587,0.993
79,Purdue,D1,1.590,0.924,1.178,0.741,1.222
80,Jacksonville St.,D1,1.587,1.033,1.242,0.782,1.018
81,Weber St.,D1,1.584,1.077,1.278,0.807,1.047
82,Northern Ill.,D1,1.548,1.060,1.334,0.862,0.983
83,Indiana,D1,1.542,1.112,1.193,0.773,1.186
84,West Florida,D2,1.540,0.956,1.597,0.580,0.986
85,Southern Ill.,D1,1.527,0.941,1.086,0.711,0.993
86,Penn St.,D1,1.523,1.039,1.345,0.883,1.165
87,Georgia St.,D1,1.519,1.101,1.180,0.777,1.190
88,California Baptist,D2,1.507,0.970,1.438,0.533,0.871
89,Rollins,D2,1.505,0.951,1.378,0.512,0.904
90,Wayne St. (MI),D2,1.496,1.045,1.270,0.475,0.793
91,Charlotte,D1,1.492,1.085,1.075,0.721,1.033
92,Kent St.,D1,1.483,1.122,1.118,0.753,1.051
93,San Diego St.,D1,1.475,0.900,1.298,0.880,1.157
94,Colorado St.,D1,1.470,1.162,1.338,0.910,1.142
95,Houston,D1,1.466,0.976,1.250,0.853,1.202
96,Syracuse,D1,1.458,1.108,0.983,0.674,1.148
97,Azusa Pacific,D2,1.457,1.022,1.556,0.597,0.898
98,Chico St.,D2,1.444,0.960,1.452,0.562,0.937
99,Georgia College,D2,1.439,0.950,1.724,0.670,0.901
100,Texas Tech,D1,1.438,1.113,1.380,0.960,1.360
101,FIU,D1,1.412,0.989,1.279,0.906,1.076
102,Concordia (CA),D2,1.408,0.979,1.411,0.560,0.837
103,California (PA),D2,1.403,1.023,1.447,0.577,0.811
104,Lenoir-Rhyne,D2,1.383,1.070,1.527,0.617,0.863
105,Ohio,D1,1.376,0.979,0.955,0.694,1.033
106,Dixie St.,D2,1.366,1.189,1.359,0.556,0.858
107,Miami (OH),D1,1.359,0.971,1.293,0.952,1.025
108,Wingate,D2,1.358,1.056,1.395,0.574,0.901
108,Saint Francis (PA),D1,1.358,1.105,1.288,0.948,0.914
110,Claremont-M-S,D3,1.353,0.916,1.830,0.325,0.776
110,West Chester,D2,1.353,0.973,1.354,0.560,0.726
112,Minnesota St.,D2,1.349,0.968,1.213,0.503,0.857
113,Mo. Western St.,D2,1.348,0.926,1.516,0.629,0.869
114,Mississippi Col.,D2,1.333,0.953,1.609,0.675,0.890
115,North Carolina St.,D1,1.329,1.009,1.460,1.099,1.243
116,Central Wash.,D2,1.324,1.067,1.580,0.667,0.907
117,Nevada,D1,1.323,1.101,1.151,0.870,1.006
118,Salisbury,D3,1.312,0.960,2.122,0.389,0.664
119,Boston U.,D1,1.301,0.932,1.110,0.854,0.949
120,Col. of Charleston,D1,1.298,0.907,1.090,0.840,1.034
121,UC Santa Barbara,D1,1.294,0.970,1.220,0.942,1.162
122,St. John's (NY),D1,1.293,0.980,1.054,0.815,0.979
123,UC Riverside,D1,1.291,0.975,1.192,0.923,1.058
124,Michigan St.,D1,1.278,0.981,1.285,1.005,1.142
125,Berry,D3,1.256,0.992,2.180,0.417,0.735
125,Marshall,D1,1.256,1.030,1.122,0.893,1.078
127,Florida Tech,D2,1.254,1.238,1.304,0.582,0.946
128,Illinois St.,D1,1.249,1.018,1.108,0.887,1.211
129,Shorter,D2,1.247,0.901,1.391,0.624,1.024
130,East Tex. Baptist,D3,1.244,0.903,2.411,0.466,0.791
131,Va. Wesleyan,D3,1.241,0.969,1.820,0.353,0.714
132,DePaul,D1,1.240,1.034,1.223,0.986,1.130
132,Catawba,D2,1.240,0.960,1.182,0.533,0.914
134,Lamar,D1,1.231,0.949,1.240,1.007,0.992
135,Coastal Caro.,D1,1.217,0.997,1.280,1.051,0.966
136,Emory,D3,1.215,0.995,2.260,0.447,0.750
137,Young Harris,D2,1.213,1.037,1.444,0.666,0.953
138,Hawaii,D1,1.212,0.874,1.041,0.859,1.216
139,Nicholls St.,D1,1.211,0.963,0.913,0.754,0.922
140,Western Caro.,D1,1.209,1.145,1.127,0.932,0.998
141,Hofstra,D1,1.208,0.999,1.479,1.225,1.056
141,Fordham,D1,1.208,0.999,1.141,0.945,0.993
143,Lipscomb,D1,1.204,0.990,0.998,0.829,1.061
143,Loyola Marymount,D1,1.204,0.959,1.197,0.994,0.996
145,Lehigh,D1,1.202,0.947,1.029,0.855,0.917
146,Rowan,D3,1.201,1.011,2.159,0.432,0.708
147,Northwestern St.,D1,1.198,0.928,1.234,1.030,1.054
148,Winona St.,D2,1.197,0.942,1.313,0.614,0.822
149,Texas Lutheran,D3,1.192,0.926,2.167,0.437,0.667
150,Northwest Mo. St.,D2,1.188,0.998,1.294,0.609,0.857
150,Idaho St.,D1,1.188,1.045,1.206,1.015,0.982
152,Charleston (WV),D2,1.186,0.916,1.316,0.621,0.818
153,St. Mary's (TX),D2,1.176,0.943,1.453,0.691,0.861
153,Iowa,D1,1.176,0.998,1.184,1.006,1.230
155,Linfield,D3,1.171,0.959,2.204,0.453,0.856
156,Delaware,D1,1.170,0.941,1.156,0.988,0.962
157,Arkansas,D1,1.168,0.974,1.348,1.154,1.437
158,UAB,D1,1.165,0.951,1.018,0.874,1.208
159,Bloomsburg,D2,1.159,1.000,1.319,0.637,0.753
160,Truman,D2,1.157,0.933,1.240,0.600,0.932
161,Troy,D1,1.155,0.916,1.366,1.183,1.130
162,Eastern Ky.,D1,1.153,1.009,1.052,0.913,0.932
163,UC San Diego,D2,1.145,1.040,1.366,0.668,0.973
164,Upper Iowa,D2,1.144,1.036,1.206,0.590,0.862
165,Central Ark.,D1,1.143,1.045,0.956,0.837,1.039
166,Colorado Mesa,D2,1.140,1.026,1.495,0.733,0.788
167,Luther,D3,1.139,1.030,1.710,0.361,0.653
168,Abilene Christian,D1,1.134,1.088,1.172,1.034,1.012
168,Drake,D1,1.134,1.033,1.116,0.984,1.065
170,Stanford,D1,1.132,0.937,1.260,1.113,1.392
171,UNCG,D1,1.129,1.015,1.091,0.967,0.979
172,Wright St.,D1,1.127,1.034,0.945,0.839,0.922
173,Towson,D1,1.124,0.923,1.259,1.119,0.949
174,Sonoma St.,D2,1.122,0.891,1.236,0.616,0.954
175,Maine,D1,1.119,0.939,1.065,0.952,0.853
176,Palm Beach Atl.,D2,1.118,0.981,1.254,0.627,0.889
177,Utah St.,D1,1.114,1.217,1.136,1.020,1.064
178,Iowa St.,D1,1.113,1.155,1.109,0.996,1.194
179,Pfeiffer,D2,1.112,0.968,1.323,0.665,0.820
180,Virginia,D1,1.111,1.038,1.218,1.096,1.148
181,Southern Miss.,D1,1.108,0.952,1.071,0.966,1.135
181,FGCU,D1,1.108,0.913,1.095,0.988,1.058
183,Bellarmine,D2,1.100,0.940,1.256,0.639,0.886
184,Furman,D1,1.098,1.042,1.099,1.001,1.029
185,Delta St.,D2,1.092,0.958,1.433,0.734,0.973
186,UMKC,D1,1.088,0.952,1.279,1.176,1.039
187,Army West Point,D1,1.087,0.934,1.077,0.991,0.859
188,Memphis,D1,1.085,0.949,1.162,1.071,1.054
189,New Mexico,D1,1.083,1.216,1.063,0.981,1.128
190,Villanova,D1,1.082,0.927,1.042,0.962,0.887
191,UConn,D1,1.078,1.140,0.866,0.803,1.088
192,Central Okla.,D2,1.072,1.050,1.766,0.922,0.888
192,Henderson St.,D2,1.072,0.942,1.331,0.695,0.912
194,Augustana (SD),D2,1.070,0.998,1.423,0.743,0.829
195,Ga. Southern,D1,1.069,1.000,1.055,0.988,1.094
195,Spring Hill,D2,1.069,0.923,1.185,0.620,0.651
197,UT Arlington,D1,1.066,0.929,1.079,1.012,1.039
198,Grand Valley St.,D2,1.065,1.000,1.209,0.635,0.866
199,Birmingham-So.,D3,1.063,0.919,1.979,0.448,0.753
200,Dartmouth,D1,1.062,1.077,0.978,0.921,0.922
201,Harvard,D1,1.059,1.022,1.120,1.058,0.898
202,Sacramento St.,D1,1.054,0.938,0.977,0.927,0.971
202,Cal St. San B'dino,D2,1.054,1.287,1.390,0.737,0.950
204,Elon,D1,1.053,0.956,1.065,1.012,1.004
204,Pittsburg St.,D2,1.053,1.040,1.155,0.613,0.852
206,Rutgers,D1,1.051,1.061,1.034,0.984,1.154
207,St. Thomas (MN),D3,1.047,0.894,1.693,0.389,0.705
207,Pacific,D1,1.047,0.969,0.998,0.953,1.083
209,Angelo St.,D2,1.044,0.932,1.465,0.785,0.871
210,UNLV,D1,1.043,1.103,1.059,1.015,1.148
211,Ill.-Chicago,D1,1.042,1.004,0.926,0.889,0.895
212,Trevecca Nazarene,D2,1.034,1.056,1.294,0.700,0.729
213,Binghamton,D1,1.033,1.029,1.270,1.229,0.851
214,San Diego,D1,1.031,0.891,1.108,1.075,1.045
215,SIUE,D1,1.030,0.928,0.906,0.879,0.988
216,Butler,D1,1.029,0.987,0.973,0.946,0.999
217,Central Mich.,D1,1.027,1.006,0.854,0.832,1.034
218,Omaha,D1,1.019,0.977,1.258,1.234,0.995
219,Kennesaw St.,D1,1.016,0.926,0.866,0.852,1.020
220,Bucknell,D1,1.014,0.965,0.857,0.845,0.881
221,Massachusetts,D1,1.010,0.969,0.895,0.886,0.947
222,North Texas,D1,1.002,1.091,0.994,0.992,1.099
223,Lubbock Christian,D2,1.001,1.114,1.340,0.749,0.785
223,SFA,D1,1.001,0.947,1.013,1.012,1.016
225,Tex. A&M-Commerce,D2,0.999,0.940,1.548,0.867,0.862
226,Liberty,D1,0.996,1.091,0.854,0.857,0.955
227,Texas Woman's,D2,0.994,0.998,1.542,0.867,0.915
228,Flagler,D2,0.990,0.935,1.378,0.778,0.988
229,Harding,D2,0.987,0.974,1.573,0.892,0.925
229,Lee,D2,0.987,1.035,1.656,0.938,0.944
229,Southern Ind.,D2,0.987,0.949,1.613,0.914,0.936
232,Marist,D1,0.985,0.904,1.065,1.081,0.786
233,Saint Joseph's,D1,0.979,1.036,0.892,0.912,0.940
234,Embry-Riddle (FL),D2,0.978,0.988,1.227,0.702,0.900
234,Missouri St.,D1,0.978,0.977,0.907,0.928,1.024
236,Monmouth,D1,0.976,0.971,1.044,1.069,0.812
237,Caldwell,D2,0.973,1.024,1.228,0.706,0.727
238,Georgia Tech,D1,0.971,1.052,0.845,0.870,1.152
239,Eastern Ill.,D1,0.970,0.856,0.934,0.963,1.002
240,Akron,D1,0.969,0.979,0.826,0.852,0.915
241,Barry,D2,0.964,0.896,1.603,0.930,0.958
242,Minn. Duluth,D2,0.960,0.951,1.356,0.790,0.853
243,UC Davis,D1,0.956,0.897,0.968,1.013,1.155
243,Cameron,D2,0.956,1.012,1.348,0.789,0.870
245,Evansville,D1,0.955,0.999,0.910,0.953,1.026
246,UTSA,D1,0.954,1.111,0.893,0.936,1.129
247,Concordia Portland,D2,0.953,0.962,1.405,0.824,0.904
247,Francis Marion,D2,0.953,0.971,1.068,0.627,0.889
249,Trine,D3,0.951,1.065,1.813,0.459,0.747
249,Western Mich.,D1,0.951,0.960,0.871,0.916,0.996
251,Murray St.,D1,0.948,0.995,0.840,0.885,0.963
252,Cal St. Monterey Bay,D2,0.938,0.975,1.360,0.811,0.921
253,Stetson,D1,0.936,1.020,0.869,0.929,0.983
254,Messiah,D3,0.930,1.016,1.847,0.477,0.689
255,Pacific (OR),D3,0.924,0.960,2.001,0.521,0.856
255,Jacksonville,D1,0.924,1.004,0.976,1.056,1.085
257,Chris. Newport,D3,0.923,1.034,2.029,0.528,0.734
257,LIU Brooklyn,D1,0.923,1.051,0.924,1.001,0.997
259,Radford,D1,0.922,1.023,0.911,0.988,0.911
260,West Ga.,D2,0.920,1.057,1.291,0.785,0.903
261,La.-Monroe,D1,0.919,0.942,0.930,1.012,1.048
262,Chattanooga,D1,0.914,1.010,1.045,1.144,0.994
263,St. Mary's (CA),D1,0.909,0.937,0.835,0.919,1.073
263,Adelphi,D2,0.909,0.912,1.288,0.792,0.837
265,UT Martin,D1,0.905,0.904,0.919,1.015,0.907
265,Montana,D1,0.905,0.966,1.202,1.328,1.008
265,Dayton,D1,0.905,0.920,0.696,0.769,0.962
268,Whitworth,D3,0.904,0.911,1.763,0.469,0.853
269,Sioux Falls,D2,0.898,1.012,1.330,0.828,0.821
270,Newberry,D2,0.896,0.913,1.261,0.787,0.849
271,Youngstown St.,D1,0.895,1.007,1.218,1.361,0.871
272,Columbus St.,D2,0.893,1.001,1.412,0.884,0.931
273,S.C. Aiken,D2,0.889,0.994,1.081,0.680,0.933
274,UTEP,D1,0.887,1.209,1.005,1.134,1.104
274,Mercer,D1,0.887,0.986,1.045,1.178,1.018
276,Boise St.,D1,0.885,1.082,1.178,1.331,1.131
277,Maryville (MO),D2,0.883,1.025,1.126,0.714,0.800
277,UNCW,D1,0.883,1.050,0.805,0.911,0.962
277,Ferris St.,D2,0.883,0.956,1.370,0.868,0.797
280,George Fox,D3,0.879,1.032,1.708,0.467,0.841
281,Sam Houston St.,D1,0.878,0.920,1.063,1.211,1.013
282,Hillsdale,D2,0.874,1.037,1.241,0.794,0.836
283,Western Wash.,D2,0.873,0.878,1.474,0.945,0.921
283,La Verne,D3,0.873,0.991,1.754,0.483,0.735
285,East Carolina,D1,0.872,0.964,0.911,1.044,1.099
286,Creighton,D1,0.871,1.038,0.784,0.900,0.965
287,Ball St.,D1,0.870,1.055,0.947,1.088,1.064
288,Mount Olive,D2,0.869,0.958,1.154,0.743,0.752
288,Hawaii Hilo,D2,0.869,0.905,1.266,0.815,0.835
288,UNC Pembroke,D2,0.869,1.043,1.269,0.817,0.938
291,East Central,D2,0.863,1.035,1.118,0.725,0.942
292,Tampa,D2,0.856,1.006,0.946,0.618,0.957
292,Bradley,D1,0.856,0.984,1.160,1.356,1.057
294,Kutztown,D2,0.846,0.925,1.237,0.818,0.768
295,Ithaca,D3,0.845,0.916,1.644,0.467,0.696
296,Southeastern Okla.,D2,0.844,1.022,1.360,0.902,0.944
297,Lander,D2,0.842,0.990,1.301,0.864,0.928
297,NYIT,D2,0.842,0.947,1.353,0.898,0.695
299,Limestone,D2,0.837,0.990,1.182,0.790,0.817
300,Tarleton St.,D2,0.833,1.018,1.194,0.802,0.893
301,Ashland,D2,0.830,1.096,1.298,0.874,0.845
302,Tennessee Tech,D1,0.829,0.866,0.921,1.111,1.008
303,Loyola Chicago,D1,0.828,1.011,0.779,0.941,0.976
303,St. Catherine,D3,0.828,0.964,1.553,0.451,0.676
305,Ark.-Monticello,D2,0.827,0.932,1.250,0.845,0.932
306,Lock Haven,D2,0.826,0.958,1.073,0.727,0.756
307,Saginaw Valley,D2,0.825,1.006,1.061,0.719,0.822
308,Western Ore.,D2,0.824,0.946,1.232,0.836,0.900
309,Carson-Newman,D2,0.818,1.027,1.074,0.734,0.814
309,Eckerd,D2,0.818,1.052,1.152,0.788,0.881
311,Fairfield,D1,0.817,0.945,0.906,1.109,0.801
312,Western Ky.,D1,0.814,1.050,0.920,1.129,1.104
313,Providence,D1,0.813,1.020,0.961,1.182,0.940
313,Augusta,D2,0.813,0.948,0.954,0.657,0.994
315,Saint Louis,D1,0.811,0.937,0.979,1.206,0.952
316,Central Mo.,D2,0.808,0.996,1.158,0.802,0.860
317,Charleston So.,D1,0.807,0.960,0.985,1.220,0.992
318,Stony Brook,D1,0.802,0.936,0.940,1.171,0.870
319,MSU Denver,D2,0.800,0.967,1.262,0.883,0.779
320,Northeastern St.,D2,0.798,0.986,1.088,0.763,0.810
321,Southern Nazarene,D2,0.797,1.155,1.041,0.730,0.899
322,Lincoln Memorial,D2,0.789,1.011,1.171,0.830,0.896
323,Shepherd,D2,0.785,1.016,1.129,0.804,0.740
323,McKendree,D2,0.785,0.940,1.320,0.940,0.837
325,Presbyterian,D1,0.784,1.064,0.769,0.981,0.927
326,Indiana St.,D1,0.783,1.032,0.973,1.243,1.064
327,Bemidji St.,D2,0.780,0.916,0.996,0.714,0.766
328,Princeton,D1,0.770,1.019,0.877,1.138,0.931
329,Campbell,D1,0.769,0.948,1.034,1.345,0.909
330,New Haven,D2,0.766,0.904,1.075,0.785,0.773
331,LIU Post,D2,0.765,0.982,0.923,0.675,0.737
332,Midwestern St.,D2,0.764,0.960,1.403,1.028,0.907
333,San Fran. St.,D2,0.762,0.891,1.082,0.794,0.959
334,CSU Bakersfield,D1,0.761,0.997,0.810,1.064,1.077
335,Saint Martin's,D2,0.760,0.927,1.175,0.865,0.870
336,Cal St. East Bay,D2,0.759,1.025,1.028,0.758,0.909
336,Middle Tenn.,D1,0.759,1.004,0.920,1.213,0.944
338,Southern N.H.,D2,0.758,0.901,1.047,0.772,0.752
339,Pacific Lutheran,D3,0.757,1.020,1.693,0.537,0.881
340,Alma,D3,0.755,0.970,1.343,0.427,0.688
340,Maryland,D1,0.755,1.038,1.025,1.358,1.246
342,Washington-St. Louis,D3,0.754,0.947,1.527,0.487,0.629
343,Albany (NY),D1,0.749,0.966,1.036,1.383,0.797
344,ETSU,D1,0.748,0.977,0.896,1.198,0.956
345,Cleveland St.,D1,0.747,0.991,0.993,1.330,0.933
346,Stanislaus St.,D2,0.746,0.981,1.216,0.912,0.927
347,Southeastern La.,D1,0.737,0.967,0.912,1.238,0.968
348,St. John Fisher,D3,0.736,1.001,1.239,0.405,0.676
349,Texas-Dallas,D3,0.732,1.026,1.655,0.544,0.779
350,Indiana (PA),D2,0.731,1.006,0.943,0.722,0.733
351,Wayne St. (NE),D2,0.729,0.952,1.383,1.061,0.859
352,Holy Family,D2,0.728,0.989,1.031,0.792,0.741
353,Ill. Wesleyan,D3,0.727,0.939,1.598,0.529,0.726
354,Buffalo,D1,0.726,1.041,0.973,1.341,0.961
355,North Florida,D1,0.721,1.029,0.863,1.197,1.036
356,Okla. Christian,D2,0.720,1.055,1.078,0.837,0.818
357,Erskine,D2,0.718,1.057,1.097,0.855,0.826
358,Regis (CO),D2,0.717,1.043,1.214,0.947,0.793
359,Chadron St.,D2,0.711,1.015,1.131,0.890,0.767
360,Queens (NC),D2,0.709,1.051,1.193,0.941,0.901
360,Toledo,D1,0.709,0.955,0.881,1.242,1.031
362,Manhattanville,D3,0.708,0.945,1.710,0.581,0.543
363,Findlay,D2,0.707,1.081,0.858,0.679,0.816
364,Seattle,D1,0.705,0.988,0.795,1.126,1.035
365,Savannah St.,D1,0.704,1.044,0.921,1.309,0.793
365,Valparaiso,D1,0.704,0.965,0.864,1.227,0.975
367,Delaware St.,D1,0.703,0.906,0.958,1.362,0.724
368,Southeast Mo. St.,D1,0.702,1.059,0.882,1.258,0.945
369,Belmont,D1,0.690,1.011,0.827,1.199,0.940
370,Utah Valley,D1,0.687,1.055,1.000,1.456,1.099
371,William Jewell,D2,0.686,1.097,1.122,0.915,0.867
371,Molloy,D2,0.686,1.074,1.031,0.841,0.761
373,South Dakota St.,D1,0.681,1.032,0.917,1.347,0.887
373,Florida A&M,D1,0.681,1.013,0.855,1.256,0.875
375,South Dakota,D1,0.677,1.076,0.931,1.376,1.038
375,Morehead St.,D1,0.677,0.957,0.787,1.162,0.890
377,Le Moyne,D2,0.675,0.992,1.042,0.863,0.767
378,Eastern Mich.,D1,0.674,0.997,0.900,1.334,0.961
378,Coe,D3,0.674,1.055,1.492,0.532,0.581
380,Western Ill.,D1,0.673,1.077,0.777,1.154,1.027
381,Penn,D1,0.663,0.993,0.788,1.188,0.852
382,IUPUI,D1,0.661,1.038,0.774,1.171,0.965
382,MIT,D3,0.661,0.998,1.096,0.399,0.675
384,Manhattan,D1,0.659,0.937,0.868,1.318,0.779
385,Moravian,D3,0.658,0.888,1.500,0.548,0.604
386,Anderson (SC),D2,0.652,1.037,0.908,0.778,0.799
386,George Mason,D1,0.652,0.911,0.702,1.076,0.833
388,Williams,D3,0.650,0.846,1.979,0.732,0.673
389,Slippery Rock,D2,0.648,1.081,0.984,0.849,0.825
390,Yale,D1,0.646,1.013,0.685,1.060,0.931
391,Heidelberg,D3,0.642,1.079,1.709,0.640,0.642
392,Tiffin,D2,0.636,0.946,0.835,0.735,0.747
392,Ill.-Springfield,D2,0.636,0.994,0.925,0.814,0.833
392,Otterbein,D3,0.636,1.092,1.622,0.613,0.601
395,WPI,D3,0.634,0.971,1.529,0.579,0.611
395,Pace,D2,0.634,1.063,0.869,0.767,0.749
397,Brown,D1,0.631,1.095,0.744,1.179,0.843
398,Millersville,D2,0.629,0.974,0.887,0.789,0.739
399,Tufts,D3,0.628,0.889,1.961,0.751,0.653
400,Seton Hall,D1,0.627,1.002,0.930,1.483,0.869
401,A&M-Corpus Christi,D1,0.623,0.850,0.674,1.083,1.019
402,St. Edward's,D2,0.622,0.878,0.949,0.854,0.834
403,Randolph-Macon,D3,0.621,1.009,1.502,0.582,0.660
404,Rockhurst,D2,0.619,0.950,0.927,0.837,0.853
405,UVa-Wise,D2,0.618,1.035,1.081,0.979,0.807
406,Willamette,D3,0.616,0.993,1.435,0.560,0.846
407,Piedmont,D3,0.615,1.030,1.535,0.600,0.703
408,Portland St.,D1,0.613,0.885,0.863,1.409,1.030
409,Wittenberg,D3,0.610,1.042,1.414,0.557,0.630
409,Houston Baptist,D1,0.610,0.864,0.803,1.315,0.975
411,Redlands,D3,0.609,0.988,1.653,0.653,0.732
411,DePauw,D3,0.609,1.022,1.461,0.577,0.701
413,Robert Morris,D1,0.603,1.120,0.725,1.202,0.963
414,SUNY Cortland,D3,0.602,0.970,1.471,0.588,0.637
414,Bowling Green,D1,0.602,0.942,0.835,1.387,0.948
416,Simon Fraser,D2,0.601,1.045,1.120,1.042,0.860
417,Edinboro,D2,0.600,0.949,1.181,1.101,0.822
417,Stonehill,D2,0.600,0.983,0.964,0.899,0.724
417,Benedictine (IL),D3,0.600,0.983,1.243,0.498,0.599
420,Wheaton (IL),D3,0.597,1.062,1.303,0.525,0.634
421,Lynn,D2,0.596,0.918,0.988,0.927,0.907
422,Concord,D2,0.591,0.922,1.210,1.146,0.761
422,Southwest Minn. St.,D2,0.591,0.978,0.951,0.900,0.864
424,Southern Utah,D1,0.589,1.336,0.885,1.503,1.102
424,Tex. A&M-Kingsville,D2,0.589,0.957,1.188,1.129,0.916
426,Wheeling Jesuit,D2,0.588,0.983,0.944,0.898,0.736
426,Wilmington (DE),D2,0.588,0.963,0.884,0.841,0.720
428,Northwest Nazarene,D2,0.585,1.094,0.981,0.938,0.890
429,Fla. Southern,D2,0.584,1.012,0.883,0.846,0.992
429,Fort Hays St.,D2,0.584,1.026,0.925,0.886,0.833
429,Bethune-Cookman,D1,0.584,0.960,0.777,1.331,0.876
432,Chicago,D3,0.582,0.922,1.459,0.603,0.642
432,Lynchburg,D3,0.582,0.964,1.669,0.689,0.708
434,Wis.-Eau Claire,D3,0.581,1.031,1.322,0.547,0.647
435,Ohio Dominican,D2,0.576,0.991,0.988,0.960,0.841
435,Northern St.,D2,0.576,0.996,0.868,0.843,0.837
437,East. Mennonite,D3,0.574,1.083,1.605,0.673,0.633
437,Lake Forest,D3,0.574,0.965,1.392,0.583,0.632
437,North Greenville,D2,0.574,1.013,1.020,0.995,0.738
440,Canisius,D1,0.571,1.012,0.741,1.296,0.838
440,Green Bay,D1,0.571,1.004,0.920,1.611,0.948
442,Simpson,D3,0.569,1.028,1.368,0.578,0.642
442,Alabama St.,D1,0.569,1.055,0.804,1.413,0.779
444,Georgetown,D1,0.567,1.027,0.991,1.748,0.992
445,Quinnipiac,D1,0.565,1.012,0.610,1.079,0.809
446,Dominican (NY),D2,0.564,0.963,0.916,0.908,0.693
447,North Dakota,D1,0.563,0.947,0.729,1.296,0.919
448,Buena Vista,D3,0.562,1.098,1.375,0.588,0.666
448,Anderson (IN),D3,0.562,1.107,1.431,0.612,0.675
450,Wagner,D1,0.561,1.024,0.724,1.289,0.787
451,Appalachian St.,D1,0.559,1.138,0.882,1.579,1.042
452,Winthrop,D1,0.557,1.040,0.828,1.486,1.031
452,Mary Hardin-Baylor,D3,0.557,0.875,1.719,0.742,0.788
454,Montevallo,D2,0.556,1.088,1.005,1.011,0.932
455,Emporia St.,D2,0.555,0.953,1.100,1.108,0.862
456,Belmont Abbey,D2,0.554,0.956,1.028,1.037,0.855
457,Wis.-Whitewater,D3,0.553,0.986,1.454,0.632,0.658
457,Louisiana Col.,D3,0.553,0.865,1.292,0.561,0.772
459,Wis.-Oshkosh,D3,0.552,1.034,1.279,0.557,0.599
460,Lewis,D2,0.550,0.993,1.185,1.206,0.838
461,Central Conn. St.,D1,0.549,1.047,0.705,1.283,0.838
462,Thomas More,D3,0.546,1.002,1.377,0.606,0.553
463,Ga. Southwestern,D2,0.545,0.976,0.997,1.023,0.868
464,Cal St. San Marcos,D2,0.541,0.994,0.987,1.022,1.015
465,Lewis & Clark,D3,0.539,1.034,1.670,0.746,0.845
465,George Washington,D1,0.539,0.947,0.764,1.417,0.860
465,Texas Southern,D1,0.539,0.969,0.782,1.450,0.708
465,Southwestern Okla.,D2,0.539,1.057,1.101,1.142,0.906
469,Tex. A&M Int'l,D2,0.538,1.000,1.011,1.051,0.813
470,Siena,D1,0.537,0.963,0.857,1.598,0.799
471,Mars Hill,D2,0.535,0.960,1.127,1.178,0.879
471,Okla. Baptist,D2,0.535,1.112,0.915,0.957,0.918
473,LeTourneau,D3,0.534,0.928,1.437,0.647,0.757
473,Colgate,D1,0.534,1.047,0.656,1.230,0.934
473,Gannon,D2,0.534,0.978,0.741,0.776,0.801
473,Mo. Southern St.,D2,0.534,0.918,0.994,1.041,0.824
477,Maryville (TN),D3,0.533,0.978,1.470,0.663,0.658
478,Averett,D3,0.529,1.076,1.511,0.687,0.703
478,Central (IA),D3,0.529,0.922,1.637,0.744,0.718
480,Transylvania,D3,0.528,0.979,1.632,0.744,0.629
480,Chowan,D2,0.528,0.936,1.059,1.121,0.612
482,Santa Clara,D1,0.527,0.936,0.760,1.443,1.052
483,Aurora,D3,0.526,0.942,1.420,0.650,0.612
484,West Ala.,D2,0.522,1.005,1.082,1.160,0.950
485,St. Bonaventure,D1,0.521,0.973,0.836,1.605,0.887
486,Washburn,D2,0.518,1.025,0.981,1.059,0.831
487,Lake Erie,D2,0.515,1.064,0.970,1.055,0.802
488,Greensboro,D3,0.514,1.012,1.473,0.690,0.629
489,Hope,D3,0.512,1.003,1.108,0.521,0.700
490,Gust. Adolphus,D3,0.509,0.850,1.433,0.676,0.647
490,Mercyhurst,D2,0.509,1.038,1.016,1.117,0.836
492,Cal St. Dom. Hills,D2,0.505,1.066,0.992,1.099,0.947
492,Stockton,D3,0.505,0.945,1.328,0.633,0.620
494,Gettysburg,D3,0.503,1.105,1.361,0.651,0.593
495,Franklin,D3,0.502,1.059,1.392,0.666,0.639
496,TCNJ,D3,0.500,0.960,1.275,0.613,0.685
497,Colorado Mines,D2,0.499,1.019,1.023,1.146,0.771
497,Post,D2,0.499,1.010,0.833,0.933,0.715
499,Assumption,D2,0.497,1.052,1.005,1.132,0.713
500,Wm. Paterson,D3,0.496,0.974,1.271,0.616,0.610
501,Ramapo,D3,0.495,0.939,1.156,0.561,0.669
502,Middlebury,D3,0.493,0.932,1.485,0.725,0.602
503,Ferrum,D3,0.491,0.990,1.234,0.604,0.659
503,NYU,D3,0.491,0.955,1.541,0.755,0.592
505,Incarnate Word,D1,0.490,0.935,0.686,1.401,0.917
506,Roanoke,D3,0.489,0.992,1.330,0.654,0.716
507,King (TN),D2,0.488,0.945,0.963,1.104,0.806
508,William Peace,D3,0.487,1.021,1.705,0.842,0.691
508,Southwest Baptist,D2,0.487,0.945,0.912,1.048,0.824
508,UC-Colo. Springs,D2,0.487,1.224,0.845,0.972,0.745
511,Columbia,D1,0.485,0.933,0.713,1.471,0.848
511,Trinity (TX),D3,0.485,0.929,1.397,0.693,0.664
513,Oakland,D1,0.484,0.938,0.652,1.348,0.863
514,St. Cloud St.,D2,0.483,0.940,0.905,1.048,0.808
514,St. Mary's (IN),D3,0.483,1.088,1.494,0.744,0.658
516,Bloomfield,D2,0.481,0.977,0.856,0.996,0.678
517,Detroit,D1,0.480,1.087,0.704,1.467,0.902
518,Bryant,D1,0.479,1.043,0.598,1.249,0.920
519,Catholic,D3,0.478,0.882,1.188,0.597,0.576
520,West Virginia St.,D2,0.477,0.935,0.883,1.036,0.725
521,Hardin-Simmons,D3,0.474,1.079,1.308,0.663,0.748
522,Northwood (MI),D2,0.472,1.061,0.946,1.122,0.814
522,Mont. St. Billings,D2,0.472,1.155,1.164,1.381,0.942
522,Wis.-La Crosse,D3,0.472,0.898,1.291,0.658,0.646
525,Kean,D3,0.470,0.983,1.117,0.571,0.664
526,CWRU,D3,0.469,1.111,1.379,0.707,0.668
526,Neb.-Kearney,D2,0.469,0.936,1.195,1.426,0.815
528,Hawaii Pacific,D2,0.468,0.925,1.053,1.258,0.832
529,Gardner-Webb,D1,0.467,1.052,0.631,1.352,0.853
530,Barton,D2,0.466,1.016,0.841,1.009,0.727
531,Academy of Art,D2,0.463,0.955,1.079,1.305,0.877
531,La Salle,D1,0.463,1.049,0.752,1.623,0.841
533,Frostburg St.,D3,0.461,1.002,1.388,0.724,0.622
533,American Int'l,D2,0.461,0.910,0.883,1.070,0.759
533,Seton Hill,D2,0.461,1.052,0.807,0.978,0.797
536,Tusculum,D2,0.460,0.995,0.905,1.101,0.807
537,Quincy,D2,0.458,0.913,0.849,1.037,0.850
537,Alfred,D3,0.458,1.024,1.307,0.685,0.589
539,Mary,D2,0.455,1.093,1.008,1.240,0.837
539,Rochester (NY),D3,0.455,0.929,1.365,0.721,0.654
541,Ouachita Baptist,D2,0.452,0.932,1.157,1.433,0.928
542,Ky. Wesleyan,D2,0.451,0.910,0.814,1.008,0.692
543,Coker,D2,0.449,1.033,0.858,1.069,0.852
543,Iona,D1,0.449,0.980,0.685,1.526,0.849
545,Salem,D3,0.448,1.045,1.415,0.759,0.577
546,York (PA),D3,0.447,1.033,1.158,0.623,0.597
547,Colorado St.-Pueblo,D2,0.446,0.948,0.987,1.239,0.794
547,Johnson & Wales (RI),D3,0.446,0.947,1.450,0.782,0.514
547,Calvin,D3,0.446,0.910,1.558,0.841,0.630
550,Dominican (CA),D2,0.445,0.892,0.923,1.162,0.885
550,Davis & Elkins,D2,0.445,1.030,0.781,0.980,0.590
550,Babson,D3,0.445,0.915,1.229,0.665,0.593
550,Amherst,D3,0.445,0.959,1.395,0.754,0.622
554,N.C. Wesleyan,D3,0.444,1.005,1.413,0.765,0.670
555,Walsh,D2,0.443,0.978,0.772,0.975,0.822
556,Merrimack,D2,0.442,1.002,0.972,1.230,0.747
557,Sacred Heart,D1,0.441,0.901,0.584,1.322,0.802
558,Guilford,D3,0.440,1.021,1.384,0.757,0.606
559,Austin Peay,D1,0.439,1.023,0.710,1.617,0.931
560,Shippensburg,D2,0.437,0.933,0.978,1.251,0.822
561,Hamline,D3,0.436,0.950,1.484,0.818,0.650
562,Drury,D2,0.435,0.986,0.732,0.942,0.819
563,Mt. St. Mary's,D1,0.434,0.963,0.784,1.804,0.871
563,Millsaps,D3,0.434,1.042,1.100,0.609,0.681
565,Drexel,D1,0.433,0.948,0.676,1.558,0.837
566,Saint Benedict,D3,0.430,0.928,1.611,0.901,0.639
567,Mount Union,D3,0.427,1.079,1.541,0.869,0.612
567,MSU Moorhead,D2,0.427,0.986,0.742,0.971,0.813
567,Missouri S&T,D2,0.427,0.886,0.898,1.178,0.849
570,Rensselaer,D3,0.426,0.901,1.234,0.697,0.601
571,Northern Colo.,D1,0.425,1.192,0.729,1.718,0.965
572,Wis.-Parkside,D2,0.423,1.019,0.911,1.205,0.870
573,Fontbonne,D3,0.420,0.928,1.280,0.733,0.569
573,Colo. Christian,D2,0.420,1.066,1.065,1.419,0.781
575,Haverford,D3,0.417,0.918,1.220,0.703,0.660
575,Hood,D3,0.417,1.045,1.319,0.760,0.653
575,Newman,D2,0.417,1.073,0.748,1.003,0.806
575,Cornell,D1,0.417,1.057,0.831,1.992,0.887
579,UMBC,D1,0.415,0.987,0.595,1.434,0.750
580,Holy Cross,D1,0.414,0.911,0.652,1.576,0.890
581,Alcorn,D1,0.413,0.978,0.627,1.520,0.816
581,Emmanuel (GA),D2,0.413,1.041,0.830,1.123,0.722
583,Ohio Northern,D3,0.412,0.987,1.282,0.748,0.627
583,Whittier,D3,0.412,1.110,1.431,0.836,0.751
583,Fairmont St.,D2,0.412,0.938,1.033,1.401,0.755
586,St. Joseph's (IN),D2,0.409,0.970,0.956,1.306,0.919
586,Mercy,D2,0.409,1.037,0.818,1.119,0.701
588,Wheaton (MA),D3,0.408,1.042,1.533,0.904,0.640
589,Hendrix,D3,0.407,1.028,1.080,0.639,0.650
589,Susquehanna,D3,0.407,0.882,1.435,0.848,0.621
591,Puget Sound,D3,0.406,1.085,1.238,0.733,0.854
592,Lebanon Valley,D3,0.405,0.967,1.547,0.918,0.623
593,Rutgers-Camden,D3,0.403,0.919,1.075,0.642,0.612
594,Minot St.,D2,0.400,0.983,0.911,1.273,0.803
595,Washington Col.,D3,0.398,0.999,1.177,0.711,0.676
596,Southern Conn. St.,D2,0.396,0.989,0.880,1.243,0.784
597,Northwestern Okla.,D2,0.395,1.065,0.802,1.136,0.903
598,Muskingum,D3,0.394,1.006,1.163,0.711,0.641
599,Notre Dame (OH),D2,0.392,0.935,0.808,1.154,0.778
599,Rhodes,D3,0.392,1.081,1.305,0.801,0.623
601,Mansfield,D2,0.391,1.131,0.814,1.164,0.688
602,Western N.M.,D2,0.390,1.223,0.809,1.161,0.797
603,East Stroudsburg,D2,0.389,0.971,0.917,1.318,0.707
604,Stevens,D3,0.388,0.948,1.440,0.893,0.624
604,Union (TN),D2,0.388,1.045,0.897,1.294,0.979
604,Northern Ky.,D1,0.388,1.082,0.619,1.595,0.891
604,Concordia (NY),D2,0.388,0.951,0.708,1.021,0.662
604,Widener,D3,0.388,0.952,1.384,0.859,0.586
609,Penn St.-Berks,D3,0.386,1.022,1.118,0.696,0.437
609,Meredith,D3,0.386,1.033,1.309,0.815,0.650
611,Saint Mary's (MN),D3,0.384,0.954,1.210,0.758,0.596
611,Tuskegee,D2,0.384,0.996,0.819,1.192,0.717
611,IPFW,D1,0.384,0.992,0.708,1.844,0.903
614,Eastern N.M.,D2,0.383,1.214,0.995,1.452,0.886
615,Huntingdon,D3,0.382,0.947,1.253,0.788,0.683
616,Notre Dame de Namur,D2,0.381,1.000,0.851,1.251,0.863
617,Salve Regina,D3,0.380,0.898,1.025,0.648,0.547
618,SUNY Geneseo,D3,0.379,1.000,1.149,0.730,0.585
618,Chaminade,D2,0.379,1.064,0.879,1.296,0.855
620,FDU-Florham,D3,0.378,1.076,1.501,0.954,0.605
621,Wesleyan (CT),D3,0.377,0.980,1.131,0.721,0.583
621,Penn St.-Behrend,D3,0.377,0.974,1.026,0.654,0.506
623,St. Scholastica,D3,0.376,0.943,1.172,0.749,0.490
623,Howard Payne,D3,0.376,1.003,1.041,0.665,0.751
623,Utica,D3,0.376,1.072,1.095,0.700,0.617
626,Denison,D3,0.374,0.958,1.446,0.929,0.637
626,Cedarville,D2,0.374,0.962,0.807,1.209,0.704
628,Holy Names,D2,0.373,1.080,0.738,1.108,0.810
628,Winston-Salem,D2,0.373,1.029,0.784,1.176,0.616
630,Southwestern (TX),D3,0.371,1.027,1.322,0.858,0.637
630,Bowdoin,D3,0.371,0.927,1.281,0.831,0.600
632,McDaniel,D3,0.370,0.964,1.336,0.867,0.609
633,Adams St.,D2,0.369,1.150,0.862,1.305,0.777
634,Queens (NY),D2,0.367,0.924,0.729,1.109,0.755
634,Brevard,D2,0.367,0.960,0.702,1.071,0.782
634,Wellesley,D3,0.367,0.931,1.417,0.928,0.629
634,Concordia-St. Paul,D2,0.367,1.072,0.997,1.519,0.849
638,Saint Rose,D2,0.366,1.014,0.942,1.440,0.788
639,SUNY Oneonta,D3,0.365,1.024,1.383,0.912,0.618
639,N.M. Highlands,D2,0.365,1.053,0.810,1.242,0.719
639,Fort Lewis,D2,0.365,1.025,0.993,1.520,0.811
639,Bentley,D2,0.365,0.966,0.627,0.961,0.688
643,UMass Lowell,D1,0.364,1.013,0.535,1.469,0.862
644,Pomona-Pitzer,D3,0.362,1.066,1.007,0.669,0.781
644,St. Anselm,D2,0.362,0.969,0.800,1.237,0.727
644,Western Conn. St.,D3,0.362,1.010,1.227,0.814,0.602
644,Niagara,D1,0.362,1.007,0.573,1.583,0.844
648,Nova Southeastern,D2,0.361,0.993,0.812,1.260,0.895
649,Claflin,D2,0.360,1.018,0.879,1.366,0.544
650,Marietta,D3,0.357,1.010,1.105,0.745,0.606
651,Buffalo St.,D3,0.356,0.942,1.369,0.924,0.607
652,Capital,D3,0.355,0.941,1.031,0.698,0.670
653,Lakeland,D3,0.354,0.927,1.216,0.825,0.548
654,John Carroll,D3,0.353,1.006,1.068,0.727,0.649
655,Jackson St.,D1,0.352,1.057,0.747,2.124,0.800
655,Carthage,D3,0.352,0.936,1.406,0.959,0.603
655,Bethel (MN),D3,0.352,0.950,1.165,0.795,0.661
658,Randolph,D3,0.351,0.979,1.134,0.777,0.604
658,Monmouth (IL),D3,0.351,1.064,1.047,0.717,0.553
660,Chapman,D3,0.350,1.008,1.287,0.885,0.745
661,Hampton,D1,0.348,0.963,0.749,2.152,0.714
662,Albany St. (GA),D2,0.346,0.944,0.831,1.343,0.725
662,Felician,D2,0.346,0.982,0.831,1.343,0.711
664,Bridgeport,D2,0.345,1.048,0.755,1.223,0.705
664,Lafayette,D1,0.345,1.071,0.538,1.561,0.801
666,N.C. A&T,D1,0.340,1.006,0.632,1.862,0.741
666,Mississippi Val.,D1,0.340,1.023,0.710,2.092,0.792
666,Malone,D2,0.340,0.995,0.823,1.353,0.758
669,Tennessee St.,D1,0.339,0.968,0.649,1.911,0.945
670,Christian Bros.,D2,0.335,1.071,0.762,1.273,1.008
671,Centenary (LA),D3,0.334,0.983,1.245,0.896,0.600
672,Arcadia,D3,0.333,0.991,1.144,0.826,0.559
673,Bluffton,D3,0.332,1.087,0.996,0.722,0.664
673,Frank. & Marsh.,D3,0.332,1.060,1.046,0.758,0.574
675,Hanover,D3,0.331,1.007,1.208,0.877,0.627
675,Morgan St.,D1,0.331,1.039,0.592,1.787,0.744
677,Southern Wesleyan,D2,0.330,1.054,0.781,1.322,0.766
677,Keene St.,D3,0.330,1.019,0.963,0.701,0.603
679,Lindenwood (MO),D2,0.329,1.002,0.932,1.583,0.842
680,U New England,D3,0.328,0.973,1.062,0.779,0.511
680,Rhode Island,D1,0.328,1.017,0.639,1.947,0.794
680,Cal Lutheran,D3,0.328,1.058,1.074,0.786,0.770
683,Springfield,D3,0.327,1.036,1.025,0.753,0.609
684,Dallas,D3,0.326,0.961,1.276,0.940,0.681
684,Ohio Wesleyan,D3,0.326,0.998,1.302,0.961,0.646
686,Rogers St.,D2,0.325,1.059,0.850,1.463,0.814
687,Manchester,D3,0.324,0.978,1.082,0.803,0.632
687,Concordia Wisconsin,D3,0.324,0.952,1.125,0.834,0.547
689,Centre,D3,0.322,1.039,1.099,0.819,0.652
690,Trinity (CT),D3,0.321,0.949,1.025,0.767,0.567
691,Adrian,D3,0.320,1.056,1.143,0.860,0.635
691,Wartburg,D3,0.320,1.037,1.240,0.932,0.659
691,Saint Vincent,D3,0.320,0.983,0.879,0.659,0.516
694,Albright,D3,0.319,0.957,0.859,0.647,0.565
694,Okla. Panhandle,D2,0.319,1.093,0.831,1.455,0.755
694,Southern U.,D1,0.319,1.006,0.665,2.086,0.612
697,Plattsburgh St.,D3,0.318,0.973,1.289,0.974,0.593
698,Fairleigh Dickinson,D1,0.316,1.005,0.633,2.001,0.799
698,North Central (IL),D3,0.316,0.983,1.111,0.845,0.651
700,Carroll (WI),D3,0.315,0.931,1.064,0.813,0.541
700,Southern Me.,D3,0.315,0.964,1.204,0.918,0.537
702,Neumann,D3,0.314,0.978,1.111,0.850,0.471
702,Dowling,D2,0.314,0.966,0.847,1.507,0.741
702,Augustana (IL),D3,0.314,0.911,1.188,0.909,0.614
702,Stevenson,D3,0.314,0.999,1.127,0.863,0.657
706,Montclair St.,D3,0.311,0.983,1.366,1.056,0.596
707,Ursuline,D2,0.310,0.971,0.734,1.324,0.650
708,Suffolk,D3,0.309,1.041,1.161,0.905,0.468
708,Illinois Col.,D3,0.309,1.060,1.023,0.796,0.519
708,Defiance,D3,0.309,0.988,0.972,0.756,0.613
711,Franklin Pierce,D2,0.308,1.040,0.705,1.281,0.714
712,Skidmore,D3,0.307,1.023,1.098,0.859,0.624
713,Misericordia,D3,0.306,0.992,0.956,0.750,0.534
713,Ozarks (AR),D3,0.306,1.063,1.248,0.982,0.747
715,Endicott,D3,0.305,0.971,1.174,0.926,0.539
716,Eastern Conn. St.,D3,0.303,0.994,1.153,0.914,0.636
716,Millikin,D3,0.303,0.982,1.085,0.862,0.588
716,St. Joseph (CT),D3,0.303,0.944,0.945,0.749,0.456
716,Castleton,D3,0.303,0.954,0.991,0.788,0.480
720,Alabama A&M,D1,0.302,1.080,0.673,2.231,0.756
721,Norfolk St.,D1,0.300,1.055,0.670,2.231,0.668
721,Glenville St.,D2,0.300,0.949,0.692,1.291,0.777
723,Mt. St. Mary (NY),D3,0.299,0.972,0.984,0.791,0.501
724,Pitt.-Johnstown,D2,0.297,0.977,0.775,1.458,0.781
725,Mt. St. Joseph,D3,0.296,1.003,1.257,1.019,0.618
725,Brandeis,D3,0.296,0.980,1.309,1.063,0.633
727,Wis.-Stout,D3,0.294,1.004,0.985,0.806,0.582
727,Tex. Permian Basin,D2,0.294,0.967,0.811,1.540,0.830
727,Scranton,D3,0.294,1.083,1.093,0.895,0.563
727,Lees-McRae,D2,0.294,1.101,0.595,1.131,0.778
731,Olivet,D3,0.293,1.049,1.015,0.831,0.556
731,Kentucky St.,D2,0.293,1.076,0.947,1.811,0.610
733,D'Youville,D3,0.292,1.003,0.972,0.799,0.493
733,SUNY New Paltz,D3,0.292,0.907,0.988,0.814,0.599
735,Stillman,D2,0.291,0.914,0.744,1.430,0.653
735,Lycoming,D3,0.291,0.931,1.037,0.856,0.583
737,Covenant,D3,0.290,1.037,1.172,0.971,0.602
738,Dominican (IL),D3,0.289,1.012,1.171,0.976,0.497
738,Mary Washington,D3,0.289,0.968,1.009,0.839,0.677
740,Miles,D2,0.288,1.036,0.775,1.507,0.728
740,Staten Island,D3,0.288,0.961,0.818,0.682,0.446
742,St. Thomas Aquinas,D2,0.287,0.959,0.646,1.259,0.731
743,King's (PA),D3,0.286,0.918,1.230,1.035,0.517
744,BYU-Hawaii,D2,0.285,0.977,0.739,1.449,0.820
745,Concordia Chicago,D3,0.282,0.960,1.125,0.958,0.539
746,Concordia (TX),D3,0.280,0.946,1.031,0.884,0.790
746,Clarkson,D3,0.280,1.021,1.151,0.989,0.539
748,Rose-Hulman,D3,0.279,1.084,0.770,0.663,0.610
749,Ursinus,D3,0.278,1.005,0.954,0.824,0.592
750,Urbana,D2,0.276,1.031,0.724,1.468,0.765
751,Greenville,D3,0.275,0.991,1.176,1.028,0.565
751,Kalamazoo,D3,0.275,1.000,1.030,0.901,0.677
751,Westminster (PA),D3,0.275,0.946,1.016,0.887,0.506
751,LaGrange,D3,0.275,1.032,1.023,0.893,0.668
751,Sage Colleges,D3,0.275,1.060,1.139,0.996,0.465
756,Western New Eng.,D3,0.274,0.973,1.032,0.907,0.542
757,Prairie View,D1,0.272,1.098,0.611,2.247,0.695
757,Chestnut Hill,D2,0.272,1.015,0.639,1.313,0.740
759,RIT,D3,0.271,0.991,1.038,0.920,0.559
759,USciences,D2,0.271,1.049,0.765,1.580,0.713
761,Smith,D3,0.270,1.069,1.113,0.990,0.604
761,N.C. Central,D1,0.270,1.072,0.525,1.941,0.814
763,Hartford,D1,0.269,0.972,0.508,1.891,0.870
764,Alvernia,D3,0.266,0.922,1.114,1.005,0.629
764,UMass Dartmouth,D3,0.266,0.948,1.030,0.931,0.524
766,Westminster (MO),D3,0.265,0.967,1.403,1.273,0.534
767,Dickinson,D3,0.264,1.020,1.079,0.982,0.637
767,Wooster,D3,0.264,0.933,0.937,0.853,0.571
769,Wash. & Jeff.,D3,0.260,0.971,0.973,0.901,0.535
769,Elizabethtown,D3,0.260,0.966,0.939,0.870,0.583
771,Rutgers-Newark,D3,0.259,1.010,0.893,0.830,0.563
771,Roger Williams,D3,0.259,1.096,0.841,0.782,0.494
773,Augsburg,D3,0.258,0.962,0.914,0.853,0.557
774,Emory & Henry,D3,0.257,1.115,1.158,1.081,0.671
775,Cornell College,D3,0.255,0.989,0.944,0.889,0.538
775,Muhlenberg,D3,0.255,0.908,1.027,0.968,0.600
777,Philadelphia U.,D2,0.254,1.051,0.542,1.194,0.674
778,Worcester St.,D3,0.253,1.026,1.027,0.975,0.511
779,Bridgewater St.,D3,0.251,0.969,0.931,0.891,0.450
779,Rider,D1,0.251,1.073,0.541,2.157,0.803
779,Fayetteville St.,D2,0.251,0.986,0.799,1.777,0.510
782,St. Joseph's (ME),D3,0.248,0.950,0.883,0.856,0.544
783,Loras,D3,0.247,0.976,1.242,1.210,0.602
783,West Liberty,D2,0.247,0.976,0.751,1.697,0.748
785,Oswego St.,D3,0.246,1.037,0.950,0.928,0.562
785,Nazareth,D3,0.246,1.019,0.816,0.799,0.558
785,Colby,D3,0.246,0.915,0.948,0.927,0.575
788,Penn St.-Altoona,D3,0.244,1.031,0.803,0.791,0.445
788,Marian (WI),D3,0.244,0.879,1.231,1.213,0.501
790,Minn.-Crookston,D2,0.243,1.107,0.726,1.671,0.803
791,Cabrini,D3,0.241,0.987,0.970,0.967,0.454
791,Wis.-River Falls,D3,0.241,1.034,0.973,0.972,0.614
793,Bethany (WV),D3,0.240,0.923,0.809,0.810,0.529
793,Occidental,D3,0.240,1.032,0.970,0.972,0.736
795,Elmhurst,D3,0.238,0.939,1.020,1.032,0.604
796,Lake Superior St.,D2,0.237,1.094,0.796,1.876,0.798
797,Wis.-Superior,D3,0.236,1.151,0.856,0.871,0.470
798,St. Joseph's (L.I.),D3,0.235,1.002,1.012,1.036,0.447
799,Virginia Union,D2,0.231,1.058,0.777,1.879,0.466
800,St. Olaf,D3,0.229,0.939,0.918,0.965,0.608
800,Kenyon,D3,0.229,1.091,1.177,1.239,0.567
802,Methodist,D3,0.228,0.956,0.879,0.928,0.718
803,UMass Boston,D3,0.227,0.959,0.796,0.842,0.529
803,Brockport,D3,0.227,0.936,1.113,1.177,0.562
805,UMES,D1,0.226,1.062,0.486,2.147,0.639
806,Georgian Court,D2,0.225,1.021,0.691,1.716,0.717
807,Hamilton,D3,0.222,1.035,1.105,1.195,0.615
808,Becker,D3,0.221,1.015,0.880,0.955,0.415
809,Dubuque,D3,0.220,0.946,0.861,0.941,0.699
810,Emmanuel (MA),D3,0.219,1.087,0.838,0.919,0.498
810,Salem Int'l,D2,0.219,0.924,0.647,1.654,0.619
810,Carleton,D3,0.219,0.982,1.060,1.163,0.647
813,Black Hills St.,D2,0.218,1.028,0.560,1.435,0.745
814,Howard,D1,0.217,1.023,0.546,2.514,0.696
815,Ark.-Pine Bluff,D1,0.216,1.034,0.572,2.641,0.666
816,Albertus Magnus,D3,0.215,0.955,0.860,0.964,0.467
817,Macalester,D3,0.214,0.968,1.069,1.203,0.585
818,Sul Ross St.,D3,0.213,1.118,1.056,1.191,0.767
819,Eureka,D3,0.212,1.038,1.035,1.174,0.416
820,Benedict,D2,0.211,1.021,0.846,2.243,0.530
821,Ohio Valley,D2,0.210,1.069,0.620,1.655,0.657
822,Alderson Broaddus,D2,0.208,0.936,0.638,1.714,0.666
823,Westfield St.,D3,0.206,0.986,0.962,1.121,0.511
823,Mt. St. Vincent,D3,0.206,1.081,1.021,1.190,0.444
825,Shenandoah,D3,0.205,1.071,0.985,1.155,0.692
825,Thomas (ME),D3,0.205,0.973,0.899,1.053,0.482
827,Wis.-Stevens Point,D3,0.204,0.958,0.984,1.162,0.604
828,Hiram,D3,0.203,1.007,0.839,0.991,0.599
829,Plymouth St.,D3,0.202,1.005,0.886,1.053,0.543
830,Farmingdale St.,D3,0.201,0.943,0.899,1.073,0.492
831,Nyack,D2,0.200,1.025,0.580,1.619,0.735
832,Keuka,D3,0.197,0.993,0.780,0.951,0.441
833,Virginia St.,D2,0.196,1.051,0.640,1.828,0.566
833,Webster,D3,0.196,0.935,1.154,1.418,0.546
833,Goldey-Beacom,D2,0.196,0.915,0.577,1.648,0.717
836,Schreiner,D3,0.194,0.989,0.852,1.055,0.665
837,Lawrence,D3,0.193,0.929,0.883,1.097,0.495
838,Lesley ,D3,0.192,0.955,0.872,1.091,0.396
838,MSOE,D3,0.192,1.031,0.864,1.080,0.497
840,Eastern,D3,0.190,1.019,0.886,1.119,0.594
841,Concordia-M'head,D3,0.189,0.947,0.779,0.989,0.535
842,Gwynedd Mercy,D3,0.188,1.105,0.946,1.213,0.388
843,Agnes Scott,D3,0.187,1.008,0.936,1.206,0.635
843,Saint Peter's,D1,0.187,1.070,0.458,2.453,0.853
843,Grinnell,D3,0.187,1.057,0.811,1.046,0.495
843,Oakland City,D2,0.187,1.103,0.619,1.853,0.887
843,Austin,D3,0.187,1.054,0.882,1.137,0.616
848,Clark (MA),D3,0.186,0.972,0.782,1.009,0.537
849,Baldwin Wallace,D3,0.185,0.976,0.765,0.992,0.639
849,Bowie St.,D2,0.185,0.988,0.529,1.601,0.573
849,Thiel,D3,0.185,1.030,0.969,1.260,0.515
852,Simmons,D3,0.182,0.942,0.960,1.268,0.484
852,Wilkes,D3,0.182,0.885,0.926,1.221,0.506
854,Penn St. Harrisburg,D3,0.180,1.025,0.877,1.173,0.567
855,Allegheny,D3,0.179,1.090,0.805,1.082,0.581
855,Lincoln (MO),D2,0.179,1.042,0.565,1.764,0.855
857,Clarion,D2,0.178,1.036,0.546,1.721,0.754
858,Wilmington (OH),D3,0.177,1.134,0.765,1.039,0.614
859,Rhode Island Col.,D3,0.176,1.028,1.007,1.375,0.566
859,Fitchburg St.,D3,0.176,0.931,0.646,0.885,0.475
861,Elmira,D3,0.175,0.976,1.059,1.456,0.552
861,Penn St.-Abington,D3,0.175,1.028,0.815,1.118,0.468
861,Wesley,D3,0.175,1.022,0.869,1.195,0.585
864,Coppin St.,D1,0.170,1.020,0.542,3.196,0.673
865,Johnson C. Smith,D2,0.169,1.017,0.631,2.091,0.488
866,Alverno,D3,0.168,1.076,0.708,1.012,0.492
866,Union (NY),D3,0.168,0.972,0.811,1.159,0.612
866,St. Lawrence,D3,0.168,0.887,0.811,1.158,0.518
869,Delaware Valley,D3,0.167,0.927,0.800,1.152,0.526
870,Medaille,D3,0.166,1.042,1.090,1.581,0.447
871,Juniata,D3,0.165,0.950,1.019,1.487,0.524
871,Saint Michael's,D2,0.165,0.943,0.627,2.124,0.721
873,Northwestern-St.Paul,D3,0.163,0.901,0.891,1.314,0.465
874,Coast Guard,D3,0.160,1.026,1.120,1.686,0.564
875,Norwich,D3,0.159,1.092,0.819,1.239,0.489
876,MCLA,D3,0.157,0.926,0.726,1.112,0.478
876,Converse,D2,0.157,0.999,0.480,1.711,0.787
878,Pitt.-Greensburg,D3,0.156,1.014,0.835,1.291,0.498
879,Mount Ida,D3,0.155,0.971,0.735,1.142,0.470
880,Mount Aloysius,D3,0.154,1.099,0.739,1.157,0.455
880,Wis. Lutheran,D3,0.154,0.986,0.777,1.211,0.478
880,Marywood,D3,0.154,0.998,0.924,1.439,0.404
883,Waynesburg,D3,0.153,0.957,0.608,0.957,0.468
884,Fredonia,D3,0.152,1.035,0.906,1.429,0.568
885,Bridgewater (VA),D3,0.151,0.980,0.743,1.185,0.609
885,SUNY Potsdam,D3,0.151,0.964,0.786,1.252,0.523
887,Nichols,D3,0.150,0.968,0.944,1.513,0.490
888,Wilson,D3,0.148,1.089,0.766,1.243,0.454
888,Spalding,D3,0.148,1.028,0.866,1.406,0.485
890,Emerson,D3,0.147,0.988,0.846,1.384,0.574
891,Drew,D3,0.144,0.955,0.789,1.316,0.491
892,Cedar Crest,D3,0.143,1.077,0.800,1.347,0.387
893,North Park,D3,0.141,0.967,0.823,1.404,0.604
893,DeSales,D3,0.141,1.079,0.799,1.364,0.611
895,Newbury,D3,0.139,0.992,1.031,1.784,0.358
896,Immaculata,D3,0.138,1.109,0.767,1.332,0.424
896,Geneva,D3,0.138,1.041,0.781,1.363,0.427
896,Wesleyan (GA),D3,0.138,1.009,0.572,0.999,0.546
896,Edgewood,D3,0.138,0.990,0.804,1.403,0.492
900,Purchase,D3,0.136,0.955,0.707,1.252,0.315
900,Curry,D3,0.136,0.927,0.896,1.581,0.480
902,Hunter,D3,0.135,1.071,0.670,1.193,0.404
902,Regis (MA),D3,0.135,1.027,0.740,1.314,0.353
904,Husson,D3,0.134,1.015,0.594,1.064,0.473
905,Framingham St.,D3,0.133,0.997,0.838,1.519,0.507
906,Wis.-Platteville,D3,0.132,1.087,0.826,1.505,0.608
907,Clark Atlanta,D2,0.131,1.017,0.603,2.570,0.567
907,Swarthmore,D3,0.131,1.005,0.631,1.160,0.525
909,Eastern Nazarene,D3,0.129,1.028,0.708,1.321,0.465
909,Crown (MN),D3,0.129,1.102,0.701,1.304,0.467
909,St. Norbert,D3,0.129,0.991,0.838,1.565,0.574
909,La Roche,D3,0.129,1.029,0.805,1.501,0.445
913,Bates,D3,0.127,0.971,0.978,1.859,0.580
914,MacMurray,D3,0.124,0.940,0.787,1.527,0.507
915,SUNY Poly,D3,0.123,0.886,0.648,1.268,0.383
916,Lancaster Bible,D3,0.121,1.059,0.771,1.530,0.397
917,Beloit,D3,0.118,0.943,0.751,1.526,0.505
917,Minn.-Morris,D3,0.118,1.059,0.769,1.571,0.443
919,Keystone,D3,0.117,0.993,0.873,1.796,0.389
919,Lane,D2,0.117,0.967,0.577,2.758,0.491
921,Albion,D3,0.116,1.078,0.613,1.271,0.617
921,New England Col.,D3,0.116,0.976,0.719,1.493,0.429
923,Saint Augustine's,D2,0.114,1.011,0.501,2.459,0.523
923,Oberlin,D3,0.114,1.014,0.846,1.777,0.594
925,South Carolina St.,D1,0.113,0.985,0.370,3.278,0.775
926,Salem St.,D3,0.110,0.930,0.757,1.653,0.463
927,Grambling,D1,0.109,1.042,0.361,3.319,0.749
927,Bluefield St.,D2,0.109,0.933,0.459,2.353,0.597
929,SUNY Canton,D3,0.108,1.077,0.815,1.818,0.418
930,Pitt.-Bradford,D3,0.107,0.995,0.705,1.584,0.467
931,Ripon,D3,0.105,0.898,0.685,1.562,0.553
932,Elms,D3,0.102,1.000,0.655,1.545,0.357
933,Old Westbury,D3,0.101,0.936,0.707,1.688,0.398
934,Cazenovia,D3,0.100,1.004,0.672,1.620,0.385
935,New Jersey City,D3,0.097,1.032,0.660,1.634,0.475
936,Gordon,D3,0.096,0.968,0.712,1.787,0.469
937,Rivier,D3,0.091,1.012,0.666,1.761,0.447
938,St. Joseph's (Brkln),D3,0.090,1.062,0.626,1.669,0.343
938,Houghton,D3,0.090,1.008,0.688,1.841,0.587
940,Gallaudet,D3,0.089,1.054,0.592,1.602,0.401
941,Centenary (NJ),D3,0.088,0.979,0.604,1.644,0.408
942,Southern Va.,D3,0.084,0.966,0.580,1.664,0.521
943,Mary Baldwin,D3,0.082,1.043,0.551,1.609,0.555
943,Fort Valley St.,D2,0.082,1.003,0.492,3.375,0.549
943,St. Elizabeth,D3,0.082,1.025,0.692,2.025,0.369
946,Mitchell,D3,0.081,0.978,0.562,1.665,0.422
946,Martin Luther,D3,0.081,1.076,0.532,1.573,0.410
948,Bay Path,D3,0.079,1.004,0.651,1.989,0.356
949,Elizabeth City St.,D2,0.076,0.934,0.340,2.501,0.497
950,Lasell,D3,0.075,0.968,0.591,1.900,0.456
951,Blackburn,D3,0.074,1.044,0.611,1.997,0.573
951,Anna Maria,D3,0.074,1.058,0.651,2.127,0.473
953,Hilbert,D3,0.073,1.214,0.474,1.559,0.452
954,Grove City,D3,0.072,0.994,0.440,1.481,0.493
954,Shaw,D2,0.072,1.004,0.397,3.098,0.505
956,Sewanee,D3,0.070,1.126,0.557,1.922,0.549
956,Me.-Farmington,D3,0.070,1.015,0.589,2.033,0.435
958,Johnson St.,D3,0.069,1.009,0.575,2.007,0.438
959,Sarah Lawrence,D3,0.067,0.946,0.547,1.953,0.377
960,LeMoyne-Owen,D2,0.062,1.021,0.397,3.600,0.568
961,Me.-Presque Isle,D3,0.060,1.062,0.398,1.602,0.250
961,Mount Mary,D3,0.060,1.012,0.465,1.858,0.363
961,Rockford,D3,0.060,0.981,0.582,2.317,0.487
964,Morrisville St.,D3,0.058,0.965,0.533,2.223,0.394
965,Principia,D3,0.055,1.003,0.455,2.006,0.476
966,Northland,D3,0.054,0.988,0.534,2.389,0.428
967,Wentworth,D3,0.053,1.140,0.446,2.016,0.433
968,Paine,D2,0.052,1.103,0.372,4.005,0.500
969,Baruch,D3,0.049,1.013,0.486,2.364,0.361
970,Knox,D3,0.047,1.015,0.520,2.650,0.492
970,Bethany Lutheran,D3,0.047,0.907,0.461,2.373,0.399
970,Summit,D3,0.047,0.988,0.502,2.547,0.336
973,Finlandia,D3,0.046,1.005,0.564,2.918,0.434
974,Notre Dame (MD),D3,0.041,1.100,0.445,2.604,0.327
975,Chatham,D3,0.040,1.050,0.395,2.349,0.471
976,Lyndon St.,D3,0.037,1.041,0.432,2.838,0.411
977,Yeshiva,D3,0.034,1.033,0.443,3.125,0.358
977,Lincoln (PA),D2,0.034,1.009,0.394,6.454,0.392
977,Sweet Briar,D3,0.034,1.015,0.610,4.349,0.343
980,John Jay,D3,0.033,1.133,0.386,2.851,0.290
981,Rust,D3,0.031,1.051,0.362,2.772,0.445
981,Cobleskill St.,D3,0.031,1.089,0.366,2.864,0.394
983,Franciscan,D3,0.029,1.002,0.406,3.346,0.405
984,Lehman,D3,0.025,1.135,0.384,3.738,0.279
985,Rosemont,D3,0.023,1.016,0.290,2.984,0.375
985,Southern Vt.,D3,0.023,1.140,0.352,3.728,0.343
987,Mass. Maritime,D3,0.021,1.008,0.364,4.126,0.314
987,Maranatha Baptist,D3,0.021,0.991,0.314,3.650,0.304
987,Wheelock,D3,0.021,1.000,0.327,3.826,0.307
990,Livingstone,D2,0.019,0.948,0.185,5.494,0.443
990,North Central (MN),D3,0.019,0.959,0.389,5.012,0.359
990,Brooklyn,D3,0.019,1.113,0.300,3.786,0.320
993,Valley Forge,D3,0.018,1.027,0.417,5.613,0.219
994,Pine Manor,D3,0.017,0.967,0.343,4.755,0.200
995,York (NY),D3,0.013,1.037,0.264,4.819,0.263
995,Trinity Washington,D3,0.013,1.128,0.245,4.700,0.241
995,Cairn,D3,0.013,0.933,0.337,6.016,0.372
995,Daniel Webster,D3,0.013,1.035,0.296,5.430,0.292
999,New Rochelle,D3,0.010,1.115,0.202,4.636,0.234
